{"1":{"Team":"MIN","PredFantasyPoints":123.2750338428,"PredSeasonPointsAllowed":364.7836937348,"PredSeasonSacks":37.7168933991,"PredSeasonSafeties":0.5312635797,"PredSeasonTDs":3.7947123502,"PredSeasonInterceptions":15.7140319207,"PredSeasonFRecoveries":10.3484729375},"3":{"Team":"ARI","PredFantasyPoints":122.0117330775,"PredSeasonPointsAllowed":362.4425163294,"PredSeasonSacks":38.8142926262,"PredSeasonSafeties":0.5203032205,"PredSeasonTDs":3.2967883923,"PredSeasonInterceptions":15.8282574176,"PredSeasonFRecoveries":10.3914027199},"6":{"Team":"DEN","PredFantasyPoints":121.6407612864,"PredSeasonPointsAllowed":363.162878608,"PredSeasonSacks":37.7168933991,"PredSeasonSafeties":0.542223939,"PredSeasonTDs":3.4537295713,"PredSeasonInterceptions":15.7931111109,"PredSeasonFRecoveries":10.3484729375},"22":{"Team":"HOU","PredFantasyPoints":119.7079392085,"PredSeasonPointsAllowed":356.3194369615,"PredSeasonSacks":34.9733953313,"PredSeasonSafeties":0.5312635797,"PredSeasonTDs":3.5293694878,"PredSeasonInterceptions":15.7941809315,"PredSeasonFRecoveries":10.0479644611},"16":{"Team":"SEA","PredFantasyPoints":119.5187872048,"PredSeasonPointsAllowed":365.3754198922,"PredSeasonSacks":37.9912432059,"PredSeasonSafeties":0.5312635797,"PredSeasonTDs":3.3291480561,"PredSeasonInterceptions":15.3523416466,"PredSeasonFRecoveries":10.1338240258},"5":{"Team":"CAR","PredFantasyPoints":119.1864256343,"PredSeasonPointsAllowed":382.2267517661,"PredSeasonSacks":39.3629922398,"PredSeasonSafeties":0.5312635797,"PredSeasonTDs":3.4699094032,"PredSeasonInterceptions":15.1958093007,"PredSeasonFRecoveries":10.2196835905},"2":{"Team":"LAC","PredFantasyPoints":118.9769950426,"PredSeasonPointsAllowed":376.0007635012,"PredSeasonSacks":36.0707945584,"PredSeasonSafeties":0.5312635797,"PredSeasonTDs":3.6972312558,"PredSeasonInterceptions":15.6105138402,"PredSeasonFRecoveries":10.2196835905},"7":{"Team":"PHI","PredFantasyPoints":118.5598117498,"PredSeasonPointsAllowed":373.6081316474,"PredSeasonSacks":35.5220949449,"PredSeasonSafeties":0.5312635797,"PredSeasonTDs":3.6972312558,"PredSeasonInterceptions":15.5053697253,"PredSeasonFRecoveries":10.2196835905},"9":{"Team":"NYG","PredFantasyPoints":118.4226256871,"PredSeasonPointsAllowed":373.2479505081,"PredSeasonSacks":36.0707945584,"PredSeasonSafeties":0.542223939,"PredSeasonTDs":3.5564699087,"PredSeasonInterceptions":15.6338829099,"PredSeasonFRecoveries":10.1338240258},"12":{"Team":"BAL","PredFantasyPoints":117.6912619724,"PredSeasonPointsAllowed":365.5297832376,"PredSeasonSacks":34.9733953313,"PredSeasonSafeties":0.542223939,"PredSeasonTDs":3.2425875506,"PredSeasonInterceptions":16.1213905134,"PredSeasonFRecoveries":10.2196835905},"29":{"Team":"JAC","PredFantasyPoints":117.4672653715,"PredSeasonPointsAllowed":364.3206036986,"PredSeasonSacks":35.5220949449,"PredSeasonSafeties":0.542223939,"PredSeasonTDs":3.5293694878,"PredSeasonInterceptions":14.9600457568,"PredSeasonFRecoveries":10.0479644611},"20":{"Team":"CHI","PredFantasyPoints":117.1968311882,"PredSeasonPointsAllowed":375.8464001558,"PredSeasonSacks":36.619494172,"PredSeasonSafeties":0.5312635797,"PredSeasonTDs":3.7728711723,"PredSeasonInterceptions":14.5086448799,"PredSeasonFRecoveries":9.9191751141},"11":{"Team":"BUF","PredFantasyPoints":116.9767672555,"PredSeasonPointsAllowed":380.6573910878,"PredSeasonSacks":37.1681937855,"PredSeasonSafeties":0.542223939,"PredSeasonTDs":3.6430304141,"PredSeasonInterceptions":14.7176778845,"PredSeasonFRecoveries":10.0479644611},"4":{"Team":"TB","PredFantasyPoints":116.4639510458,"PredSeasonPointsAllowed":384.6708380684,"PredSeasonSacks":36.8938439788,"PredSeasonSafeties":0.5312635797,"PredSeasonTDs":3.4970098241,"PredSeasonInterceptions":15.0765629028,"PredSeasonFRecoveries":10.3055431552},"0":{"Team":"KC","PredFantasyPoints":116.2640830083,"PredSeasonPointsAllowed":383.0500229416,"PredSeasonSacks":33.8759961042,"PredSeasonSafeties":0.5312635797,"PredSeasonTDs":3.8218127711,"PredSeasonInterceptions":15.2665821241,"PredSeasonFRecoveries":10.4343325022},"13":{"Team":"PIT","PredFantasyPoints":116.2287699538,"PredSeasonPointsAllowed":374.8944928591,"PredSeasonSacks":36.8938439788,"PredSeasonSafeties":0.5312635797,"PredSeasonTDs":3.2425875506,"PredSeasonInterceptions":15.1097883697,"PredSeasonFRecoveries":10.2196835905},"17":{"Team":"NE","PredFantasyPoints":116.205622287,"PredSeasonPointsAllowed":367.4078706068,"PredSeasonSacks":35.7964447516,"PredSeasonSafeties":0.5093428613,"PredSeasonTDs":3.1289266243,"PredSeasonInterceptions":15.4750589149,"PredSeasonFRecoveries":10.2196835905},"24":{"Team":"CIN","PredFantasyPoints":115.9329262524,"PredSeasonPointsAllowed":376.3352174163,"PredSeasonSacks":35.5220949449,"PredSeasonSafeties":0.5312635797,"PredSeasonTDs":3.4318883934,"PredSeasonInterceptions":15.4832558809,"PredSeasonFRecoveries":9.9191751141},"19":{"Team":"TEN","PredFantasyPoints":115.4087057883,"PredSeasonPointsAllowed":381.5063894875,"PredSeasonSacks":37.1681937855,"PredSeasonSafeties":0.542223939,"PredSeasonTDs":3.4157085615,"PredSeasonInterceptions":14.6762554515,"PredSeasonFRecoveries":10.0479644611},"8":{"Team":"ATL","PredFantasyPoints":115.0241363479,"PredSeasonPointsAllowed":385.8542903832,"PredSeasonSacks":35.7964447516,"PredSeasonSafeties":0.542223939,"PredSeasonTDs":3.6972312558,"PredSeasonInterceptions":14.4641223858,"PredSeasonFRecoveries":10.2196835905},"28":{"Team":"LAR","PredFantasyPoints":114.9586682804,"PredSeasonPointsAllowed":370.9582275512,"PredSeasonSacks":34.9733953313,"PredSeasonSafeties":0.542223939,"PredSeasonTDs":3.3291480561,"PredSeasonInterceptions":14.9690177381,"PredSeasonFRecoveries":10.1338240258},"15":{"Team":"GB","PredFantasyPoints":114.7462044512,"PredSeasonPointsAllowed":384.5936563957,"PredSeasonSacks":37.1681937855,"PredSeasonSafeties":0.542223939,"PredSeasonTDs":3.2154871298,"PredSeasonInterceptions":15.0803285785,"PredSeasonFRecoveries":10.1338240258},"23":{"Team":"DET","PredFantasyPoints":114.0620404426,"PredSeasonPointsAllowed":377.3643063857,"PredSeasonSacks":33.6016462974,"PredSeasonSafeties":0.5203032205,"PredSeasonTDs":3.7295909196,"PredSeasonInterceptions":14.656466653,"PredSeasonFRecoveries":9.9621048964},"25":{"Team":"DAL","PredFantasyPoints":113.5893709649,"PredSeasonPointsAllowed":374.1484033563,"PredSeasonSacks":35.7964447516,"PredSeasonSafeties":0.542223939,"PredSeasonTDs":3.0856463716,"PredSeasonInterceptions":14.702429777,"PredSeasonFRecoveries":10.2626133728},"18":{"Team":"WAS","PredFantasyPoints":113.3204978548,"PredSeasonPointsAllowed":389.2502839822,"PredSeasonSacks":36.8938439788,"PredSeasonSafeties":0.542223939,"PredSeasonTDs":3.3724283088,"PredSeasonInterceptions":14.4093726851,"PredSeasonFRecoveries":10.0908942434},"10":{"Team":"MIA","PredFantasyPoints":113.0532237702,"PredSeasonPointsAllowed":390.5109179697,"PredSeasonSacks":35.2477451381,"PredSeasonSafeties":0.542223939,"PredSeasonTDs":3.5131896559,"PredSeasonInterceptions":14.6806867418,"PredSeasonFRecoveries":10.1767538081},"31":{"Team":"NYJ","PredFantasyPoints":112.9978274013,"PredSeasonPointsAllowed":372.7591332476,"PredSeasonSacks":33.8759961042,"PredSeasonSafeties":0.542223939,"PredSeasonTDs":3.3886081407,"PredSeasonInterceptions":14.6592719088,"PredSeasonFRecoveries":9.9621048964},"21":{"Team":"IND","PredFantasyPoints":110.9386109708,"PredSeasonPointsAllowed":390.2279185031,"PredSeasonSacks":35.5220949449,"PredSeasonSafeties":0.542223939,"PredSeasonTDs":3.3995287296,"PredSeasonInterceptions":13.80697397,"PredSeasonFRecoveries":10.1767538081},"14":{"Team":"OAK","PredFantasyPoints":110.1368878947,"PredSeasonPointsAllowed":385.3654731227,"PredSeasonSacks":33.3272964906,"PredSeasonSafeties":0.542223939,"PredSeasonTDs":3.0694665397,"PredSeasonInterceptions":14.9317317901,"PredSeasonFRecoveries":10.3914027199},"26":{"Team":"NO","PredFantasyPoints":109.1600445749,"PredSeasonPointsAllowed":387.1921060434,"PredSeasonSacks":34.6990455245,"PredSeasonSafeties":0.5312635797,"PredSeasonTDs":3.0423661188,"PredSeasonInterceptions":14.0660305797,